{
  "meta": {
    "generatedAt": "2026-03-31T20:57:55Z",
    "source": "rikishi_summary",
    "era": "heisei_debut",
    "cohort": "heisei_debut",
    "sampleSize": 2883,
    "minDebutYear": 1989
  },
  "rankRates": {
    "sekitoriRate": 0.106139,
    "makuuchiRate": 0.074922,
    "sanyakuRate": 0.031564,
    "ozekiRate": 0.009018,
    "yokozunaRate": 0.002775
  },
  "careerLength": {
    "mean": 43.57,
    "p10": 4.0,
    "p50": 38.0,
    "p90": 92.0
  },
  "careerWinRate": {
    "mean": 0.482024,
    "median": 0.499629,
    "bucketRates": {
      "<0.35": 0.062088,
      "0.35-0.39": 0.047867,
      "0.40-0.44": 0.107527,
      "0.45-0.49": 0.283039,
      "0.50-0.54": 0.385016,
      "0.55-0.59": 0.076309,
      "0.60-0.64": 0.019077,
      ">=0.65": 0.019077
    }
  },
  "distributionBuckets": {
    "highestRank": {
      "三段目": 0.260493,
      "前頭": 0.043358,
      "十両": 0.031217,
      "大関": 0.006243,
      "小結": 0.011446,
      "幕下": 0.199098,
      "序ノ口": 0.118973,
      "序二段": 0.315297,
      "横綱": 0.002775,
      "関脇": 0.0111
    },
    "careerBasho": {
      "<12": 0.241068,
      "12-23": 0.126951,
      "24-35": 0.114811,
      "36-59": 0.210198,
      "60-89": 0.196323,
      "90-119": 0.084287,
      ">=120": 0.026361
    },
    "careerWinRate": {
      "<0.35": 0.062088,
      "0.35-0.39": 0.047867,
      "0.40-0.44": 0.107527,
      "0.45-0.49": 0.283039,
      "0.50-0.54": 0.385016,
      "0.55-0.59": 0.076309,
      "0.60-0.64": 0.019077,
      ">=0.65": 0.019077
    }
  },
  "longTailSignals": {
    "lowWinLongCareerRate": 0.01873
  }
}
