{
  "meta": {
    "generatedAt": "2026-03-25T19:30:32Z",
    "source": "rikishi_summary",
    "era": "heisei_debut",
    "cohort": "heisei_debut",
    "sampleSize": 2882,
    "minDebutYear": 1989
  },
  "rankRates": {
    "sekitoriRate": 0.106176,
    "makuuchiRate": 0.074948,
    "sanyakuRate": 0.031575,
    "ozekiRate": 0.009022,
    "yokozunaRate": 0.002776
  },
  "careerLength": {
    "mean": 43.584,
    "p10": 4.0,
    "p50": 38.0,
    "p90": 92.0
  },
  "careerWinRate": {
    "mean": 0.482018,
    "median": 0.499593,
    "bucketRates": {
      "<0.35": 0.06211,
      "0.35-0.39": 0.047883,
      "0.40-0.44": 0.107564,
      "0.45-0.49": 0.283137,
      "0.50-0.54": 0.384802,
      "0.55-0.59": 0.076336,
      "0.60-0.64": 0.019084,
      ">=0.65": 0.019084
    }
  },
  "distributionBuckets": {
    "highestRank": {
      "三段目": 0.260583,
      "前頭": 0.043373,
      "十両": 0.031228,
      "大関": 0.006246,
      "小結": 0.01145,
      "幕下": 0.199167,
      "序ノ口": 0.118668,
      "序二段": 0.315406,
      "横綱": 0.002776,
      "関脇": 0.011103
    },
    "careerBasho": {
      "<12": 0.240805,
      "12-23": 0.126995,
      "24-35": 0.114851,
      "36-59": 0.210271,
      "60-89": 0.196391,
      "90-119": 0.084316,
      ">=120": 0.026371
    },
    "careerWinRate": {
      "<0.35": 0.06211,
      "0.35-0.39": 0.047883,
      "0.40-0.44": 0.107564,
      "0.45-0.49": 0.283137,
      "0.50-0.54": 0.384802,
      "0.55-0.59": 0.076336,
      "0.60-0.64": 0.019084,
      ">=0.65": 0.019084
    }
  },
  "longTailSignals": {
    "lowWinLongCareerRate": 0.018737
  }
}
