{
  "meta": {
    "generatedAt": "2026-03-19T10:09:15Z",
    "source": "rikishi_summary",
    "era": "heisei_debut",
    "cohort": "heisei_debut",
    "sampleSize": 2877,
    "minDebutYear": 1989
  },
  "rankRates": {
    "sekitoriRate": 0.106361,
    "makuuchiRate": 0.075078,
    "sanyakuRate": 0.03163,
    "ozekiRate": 0.009037,
    "yokozunaRate": 0.002781
  },
  "careerLength": {
    "mean": 43.568,
    "p10": 4.0,
    "p50": 38.0,
    "p90": 92.0
  },
  "careerWinRate": {
    "mean": 0.482007,
    "median": 0.499629,
    "bucketRates": {
      "<0.35": 0.062218,
      "0.35-0.39": 0.047967,
      "0.40-0.44": 0.107751,
      "0.45-0.49": 0.282586,
      "0.50-0.54": 0.384776,
      "0.55-0.59": 0.076469,
      "0.60-0.64": 0.019117,
      ">=0.65": 0.019117
    }
  },
  "distributionBuckets": {
    "highestRank": {
      "三段目": 0.261036,
      "前頭": 0.043448,
      "十両": 0.031283,
      "大関": 0.006257,
      "小結": 0.01147,
      "幕下": 0.199166,
      "序ノ口": 0.118874,
      "序二段": 0.314564,
      "横綱": 0.002781,
      "関脇": 0.011123
    },
    "careerBasho": {
      "<12": 0.241223,
      "12-23": 0.127216,
      "24-35": 0.114008,
      "36-59": 0.210636,
      "60-89": 0.196385,
      "90-119": 0.084115,
      ">=120": 0.026416
    },
    "careerWinRate": {
      "<0.35": 0.062218,
      "0.35-0.39": 0.047967,
      "0.40-0.44": 0.107751,
      "0.45-0.49": 0.282586,
      "0.50-0.54": 0.384776,
      "0.55-0.59": 0.076469,
      "0.60-0.64": 0.019117,
      ">=0.65": 0.019117
    }
  },
  "longTailSignals": {
    "lowWinLongCareerRate": 0.01877
  }
}
