rank_name,count,ratio
横綱,8,0.002775
大関,18,0.006243
関脇,32,0.0111
小結,33,0.011446
前頭,125,0.043358
十両,90,0.031217
幕下,574,0.199098
三段目,751,0.260493
序二段,909,0.315297
序ノ口,343,0.118973
